Product,Vendor,MDE_SoftwareName
SyncBackFree,2BrightSparks,
8x8 - Virtual Office,"8x8, Inc.",
8x8 Work (x64) - MSI Install,"8x8, Inc.",
Adobe Acrobat 2015 Classic,"Adobe Systems, Inc.",acrobat
Adobe Acrobat 2017 Classic,"Adobe Systems, Inc.",acrobat
Adobe Acrobat 2020 Classic,"Adobe Systems, Inc.",acrobat
Adobe Acrobat DC Continuous,"Adobe Systems, Inc.",acrobat_dc
Adobe Acrobat DC Continuous (x64),"Adobe Systems, Inc.",acrobat_dc
Adobe Acrobat Reader 2015 Classic,"Adobe Systems, Inc.",acrobat_reader_dc
Adobe Acrobat Reader 2017 Classic,"Adobe Systems, Inc.",acrobat_reader_dc
Adobe Acrobat Reader 2020 Classic,"Adobe Systems, Inc.",acrobat_reader_dc
Adobe Acrobat Reader DC Continuous (en-US),"Adobe Systems, Inc.",acrobat_reader_dc
Adobe Acrobat Reader DC Continuous (x64),"Adobe Systems, Inc.",acrobat_reader_dc
Adobe Acrobat Reader DC Continuous MUI,"Adobe Systems, Inc.",acrobat_reader_dc
Adobe Acrobat Reader DC Continuous MUI (x64),"Adobe Systems, Inc.",acrobat_reader_dc
Adobe Connect (MSI),"Adobe Systems, Inc.",adobe_connect_application
Adobe Digital Editions,"Adobe Systems, Inc.",digital_editions
Adobe Flash Player Removal Tool,"Adobe Systems, Inc.",
Adobe Lightroom (x64),"Adobe Systems, Inc.",
Adobe Lightroom (x86),"Adobe Systems, Inc.",
1Password (User),AgileBits Inc.,
Airtame (MSI),Airtame,
Amazon Corretto 11 (x64),Amazon Corretto,
Amazon Corretto 16 (x64),Amazon Corretto,
Amazon Corretto 17 (x64),Amazon Corretto,
Amazon Corretto 8 (x64),Amazon Corretto,
Amazon Corretto 8 (x86),Amazon Corretto,
Amazon Corretto Latest (x64),Amazon Corretto,
Amazon WorkSpaces,"Amazon Web Services, Inc.",amazon_workspaces
PDF Split And Merge,Andrea Vacondio,
Apache Tomcat 10,Apache Software Foundation,tomcat
Apache Tomcat 6,Apache Software Foundation,tomcat
Apache Tomcat 7,Apache Software Foundation,tomcat
Apache Tomcat 8,Apache Software Foundation,tomcat
Apache Tomcat 8.5,Apache Software Foundation,tomcat
Apache Tomcat 9,Apache Software Foundation,tomcat
OpenOffice,Apache Software Foundation,openoffice
AirServer Universal (x64),App Dynamic,
AirServer Universal (x86),App Dynamic,
Apple Application Support (x64),Apple,
Apple Application Support (x86),Apple,
Apple Bonjour (x64),Apple,bonjour
Apple Bonjour (x86),Apple,bonjour
Apple iCloud (x64),Apple,icloud
Apple iCloud (x86),Apple,icloud
Apple iTunes (x64),Apple,itunes
Apple iTunes (x86),Apple,itunes
Apple Mobile Device Support (x64),Apple,
Apple Mobile Device Support (x86),Apple,
Apple Software Update,Apple,
Articulate 360,"Articulate Global, Inc.",
GPL Ghostscript (x64),Artifex Software Inc.,gpl_ghostscript
GPL Ghostscript (x86),Artifex Software Inc.,gpl_ghostscript
Atlassian Companion (MSI),Atlassian Inc,
Audacity,Audacity Team,audacity
Audacity (x64),Audacity Team,audacity
Autodesk AutoCAD 2021,Autodesk,autodesk
Autodesk AutoCAD 2022,Autodesk,autodesk
Autodesk AutoCAD MEP 2021,Autodesk,autodesk
Autodesk AutoCAD MEP 2022,Autodesk,autodesk
Autodesk Design Review,Autodesk,
Autodesk Revit 2019,Autodesk,
Autodesk Revit 2020,Autodesk,
Autodesk Revit 2021,Autodesk,
Autodesk Revit 2022,Autodesk,autodesk_revit_unit_schemas_2022
Zulu JDK 11 (x64),"Azul Systems, Inc.",
Zulu JDK 17 (x64),"Azul Systems, Inc.",
Zulu JDK 8 (x64),"Azul Systems, Inc.",
Zulu JDK Latest (x64),"Azul Systems, Inc.",
Zulu JRE 17 (x64),"Azul Systems, Inc.",
Zulu JRE 8 (x64),"Azul Systems, Inc.",
Zulu JRE Latest (x64),"Azul Systems, Inc.",
Bandicam,Bandicam.com,
Bandicut,Bandicam.com,
PhraseExpress,Bartels Media GmbH,
Belgium e-ID middleware (MSI-x64),Belgian Government,
Belgium e-ID Middleware (MSI-x86),Belgian Government,
Belgium e-ID Viewer (MSI),Belgian Government,
CONNECTION Client (x64),"Bentley Systems, Incorporated",
DisplayFusion,Binary Fortress Software,
Bitwarden,Bitwarden Inc.,
Blender,Blender Foundation,
Bloomberg Terminal,Bloomberg L.P.,
Blue Jeans Outlook Addin,Blue Jeans,
BlueJeans,Blue Jeans,
Bluebeam OCR 2020,"Bluebeam, Inc.",
Bluebeam Revu 2020 (x64),"Bluebeam, Inc.",
FlashBack Express,Blueberry Software (UK) Ltd.,
Allway Sync (x64),Botkind Inc,
Allway Sync (x86),Botkind Inc,
Box Drive (x64),"Box, Inc.",
Box Drive (x86),"Box, Inc.",
Box For Office,"Box, Inc.",
BoxSync (x64),"Box, Inc.",
BoxSync (x86),"Box, Inc.",
BoxTools,"Box, Inc.",
CDBurnerXP (x64),Canneverbe Limited,cdburnerxp
CDBurnerXP (x86),Canneverbe Limited,cdburnerxp
Chef Infra Client (x64),"Chef Software, Inc.",
Cisco AnyConnect AMP Enabler Module,"Cisco Systems, Inc.",
Cisco AnyConnect Diagnostics and Reporting Tool,"Cisco Systems, Inc.",diagnostic_anyconnect_reporting_tool
Cisco AnyConnect ISE Compliance Module,"Cisco Systems, Inc.",
Cisco AnyConnect ISE Posture Module,"Cisco Systems, Inc.",
Cisco AnyConnect Network Access Manager,"Cisco Systems, Inc.",
Cisco AnyConnect Network Visibility Module,"Cisco Systems, Inc.",
Cisco AnyConnect Posture Module,"Cisco Systems, Inc.",
Cisco AnyConnect Secure Mobility Client,"Cisco Systems, Inc.",
Cisco AnyConnect Start Before Login Module,"Cisco Systems, Inc.",cisco_anyconnect_start_before_login_module
Cisco AnyConnect Umbrella Roaming Security Module,"Cisco Systems, Inc.",cisco_anyconnect_umbrella_roaming_security_module
Cisco AnyConnect Web Security Module,"Cisco Systems, Inc.",
Cisco Jabber 12,"Cisco Systems, Inc.",
Cisco Jabber 14,"Cisco Systems, Inc.",
Cisco Network Recording Player,"Cisco Systems, Inc.",
Cisco WebEx Meetings,"Cisco Systems, Inc.",webex_meetings
Cisco WebEx Productivity Tools,"Cisco Systems, Inc.",webex_productivity_tools
Cisco WebEx Recorder and Player,"Cisco Systems, Inc.",
Cisco WebEx Teams,"Cisco Systems, Inc.",
WebEx,"Cisco Systems, Inc.",webex
Citrix Files,"Citrix Systems, Inc.",
Citrix HDX RealTime Media Engine,"Citrix Systems, Inc.",
Citrix Receiver LTSR,"Citrix Systems, Inc.",
Citrix Workspace,"Citrix Systems, Inc.",
Citrix Workspace LTSR,"Citrix Systems, Inc.",
Royal TS 3,code4ward GmbH,
Royal TS 4,code4ward GmbH,
Royal TS 5,code4ward GmbH,
Royal TS 6,code4ward GmbH,
MinuteTraq,CompuSolve,
CPUID CPU-Z,"CPUID, Inc.",
DBeaver CE,DBeaver Corp,
DBeaver EE,DBeaver Corp,
Dell Command Update,"Dell, Inc.",
Dell Command Update for Windows 10,"Dell, Inc.",
Dell Display Manager,"Dell, Inc.",
Remote Desktop Manager Enterprise,Devolutions inc.,
Remote Desktop Manager Free,Devolutions inc.,
DisplayLink,DisplayLink Corp.,
Docker for Windows,Docker Inc.,
KeePass v1 - EXE Install,Dominik Reichl,
KeePass v1 - MSI Install,Dominik Reichl,
KeePass v2 - EXE Install,Dominik Reichl,
KeePass v2 - MSI Install,Dominik Reichl,
Paint.NET (x64),dotPDN LLC,paint.net
Paint.NET (x86),dotPDN LLC,paint.net
Dropbox,"Dropbox, Inc.",dropbox
Druva inSync,Druva Technologies Pte. Ltd.,
Duo Authentication for Windows Logon (x64) - MSI Install,Duo Security Inc.,
ImageGlass (MSI-x64),Duong Dieu Phap,
DYMO Connect,DYMO,
Temurin JDK with Hotspot 11 (x64),Eclipse Foundation,
Temurin JDK with Hotspot 11 (x86),Eclipse Foundation,
Temurin JDK with Hotspot 17 (x64),Eclipse Foundation,eclipse_temurin_jdk_mit_hotspot_17.0.2+8_(x64)
Temurin JDK with Hotspot 8 (x64),Eclipse Foundation,eclipse_temurin_jdk_mit_hotspot_8u302-b08_(x64)
Temurin JDK with Hotspot Latest (x64),Eclipse Foundation,
Temurin JRE with Hotspot 11 (x64),Eclipse Foundation,
Temurin JRE with Hotspot 11 (x86),Eclipse Foundation,
Temurin JRE with Hotspot 8 (x64),Eclipse Foundation,
Temurin JRE with Hotspot 8 (x86),Eclipse Foundation,
Egnyte Connect,"Egnyte, Inc.",
Egnyte WebEdit (MSI),"Egnyte, Inc.",
ESET Endpoint Security 6 (x64),"ESET, spol. s r .o.",
ESET Endpoint Security 6 (x86),"ESET, spol. s r .o.",
ESET Endpoint Security 7 (x64),"ESET, spol. s r .o.",
ESET Endpoint Security 7 (x86),"ESET, spol. s r .o.",
ESET Endpoint Security 8 (x64),"ESET, spol. s r .o.",
ESET Endpoint Security 8 (x86),"ESET, spol. s r .o.",
ESET Endpoint Security 9 (x64),"ESET, spol. s r .o.",
ESET Endpoint Security 9 (x86),"ESET, spol. s r .o.",
ESET File Security 6 (x64),"ESET, spol. s r .o.",
ESET File Security 6 (x86),"ESET, spol. s r .o.",
ESET File Security 7 (x64),"ESET, spol. s r .o.",
ESET File Security 7 (x86),"ESET, spol. s r .o.",
ESET Remote Administrator Agent (x64),"ESET, spol. s r .o.",
ESET Remote Administrator Agent (x86),"ESET, spol. s r .o.",
Evernote,Evernote Corp.,evernote
Exclaimer Cloud Signature Update Agent,Exclaimer Ltd,
FastStone Capture,FastStone Soft,
Crypto Prevent,Foolish IT LLC,
FortiClient VPN (EXE-x64),Fortinet Technologies Inc,
FortiClient VPN (MSI-x64),Fortinet Technologies Inc,
Foxit PDF Editor 11,Foxit Software Inc.,foxit_pdf_editor
Foxit PDF Editor 11 (ML),Foxit Software Inc.,
Foxit PDF Reader 11,Foxit Software Inc.,
Foxit PhantomPDF 10,Foxit Software Inc.,
Foxit PhantomPDF 9,Foxit Software Inc.,
Foxit Reader,Foxit Software Inc.,
JAWS 2019 (x64),Freedom Scientific,
JAWS 2019 (x86),Freedom Scientific,
JAWS 2020 (x64),Freedom Scientific,
JAWS 2020 (x86),Freedom Scientific,
JAWS 2021 (x64),Freedom Scientific,
JAWS 2021 (x86),Freedom Scientific,
JAWS 2022 (x64),Freedom Scientific,
JAWS 2022 (x86),Freedom Scientific,
ZoomText 2021,Freedom Scientific,
ZoomText 2022,Freedom Scientific,
GanttProject,GanttProject,
Garmin Express,Garmin Ltd,
GenesysCloud (EXE-x86),Genesys Inc.,
PeaZip (x64),Giorgio Tani,
PeaZip (x86),Giorgio Tani,
GitHub CLI,"Github, Inc.",
Github Desktop Machine-Wide Installer,"Github, Inc.",
TightVNC (x64),GlavSoft LLC.,tightvnc
TightVNC (x86),GlavSoft LLC.,tightvnc
TightVNC Viewer (x64),GlavSoft LLC.,
TightVNC Viewer (x86),GlavSoft LLC.,
Jabra Direct,GN Audio A/S,jabra_direct
Google Chrome (x64),"Google, Inc.",chrome
Google Chrome (x86),"Google, Inc.",chrome
Google Drive,"Google, Inc.",
Google Earth Pro (x64),"Google, Inc.",earth
Google Earth Pro (x86),"Google, Inc.",earth
XnView,Gougelet Pierre-e,
Greenshot,Greenshot,greenshot_1.2.9.129
SnapGene Viewer,GSL Biotech LLC,
HandBrake (x64),HandBrake,
Adobe AIR Runtime,HARMAN International,
Huddle,Huddle,
IcedTea-Web (x64),IcedTea-Web open-source project,
UltraEdit (x64 en) - EXE Install,"IDM Computer Solutions, Inc.",
UltraEdit (x64 en) - MSI Install,"IDM Computer Solutions, Inc.",
UltraEdit (x86 en) - EXE Install,"IDM Computer Solutions, Inc.",
UltraEdit (x86 en) - MSI Install,"IDM Computer Solutions, Inc.",
7-Zip (x64) - EXE Install,Igor Pavlov,7-zip
7-Zip (x64) - MSI Install,Igor Pavlov,7-zip
7-Zip (x86) - EXE Install,Igor Pavlov,7-zip
7-Zip (x86) - MSI Install,Igor Pavlov,7-zip
VitalSource Bookshelf,Ingram Content Group,
Inkscape (x64),Inkscape Project,
Inkscape (x86),Inkscape Project,
IrfanView (x64),Irfan Skiljan,irfanview
IrfanView (x86),Irfan Skiljan,irfanview
Cyberduck (MSI),iterate GmbH,
IZArc,Ivan Zahariev,
TreeSize Free,JAM Software,treesize
KeePassXC,KeePassXC Team,keepassxc
K-Lite Basic Codec Pack,KLCP,k-lite_codec
K-Lite Full Codec Pack,KLCP,k-lite_codec
K-Lite Mega Codec Pack,KLCP,k-lite_codec
K-Lite Standard Codec Pack,KLCP,k-lite_codec
Kofax Power PDF 4 Advanced,Kofax Inc.,
Kofax Power PDF 4.1 Advanced,Kofax Inc.,
Attendant Pro,Landis Computer,
LsAgent,Lansweeper,
Screenpresso,Learnpulse,
Lenovo Dock Manager,Lenovo,
Lenovo System Update,Lenovo,
AutoHotkey,Lexikos,
ImgBurn,LIGHTNING UK!,
Logi Tune,Logitech,
Logitech Options (x64),Logitech,
GoToMeeting,"LogMeIn, Inc.",gotomeeting
LastPass,"LogMeIn, Inc.",
LogMeIn Client,"LogMeIn, Inc.",
Malwarebytes,Malwarebytes,
WinSCP,Martin Prikryl,winscp
Master Packager,Master Packager Ltd.,
Shotcut,"Meltytech, LLC",
Mendeley Desktop,Mendeley Ltd.,
Solstice Client,"Mersive Technologies, Inc",
MicroDicom Viewer (x64),MicroDicom,
MicroDicom Viewer (x86),MicroDicom,
ConfigMgr Client Toolkit,Microsoft Corporation,
Local Administrator Password Solution (x64),Microsoft Corporation,local_administrator_password_solution
Local Administrator Password Solution (x86),Microsoft Corporation,local_administrator_password_solution
Microsoft .NET Core Runtime and Hosting Bundle 2,Microsoft Corporation,
Microsoft .NET Core Runtime and Hosting Bundle 3,Microsoft Corporation,
Microsoft .NET Core Runtime and Hosting Bundle 5,Microsoft Corporation,
Microsoft .NET Core Runtime and Hosting Bundle 6,Microsoft Corporation,
Microsoft Azure CLI,Microsoft Corporation,
Microsoft Azure Data Studio,Microsoft Corporation,
Microsoft Azure Functions Core Tools (x64),Microsoft Corporation,
Microsoft Azure Information Protection,Microsoft Corporation,
Microsoft Azure Storage Explorer,Microsoft Corporation,
Microsoft Edge (x64),Microsoft Corporation,
Microsoft Edge (x86),Microsoft Corporation,
Microsoft Edge WebView2 Runtime (EXE-x64),Microsoft Corporation,
Microsoft EMET,Microsoft Corporation,
Microsoft Mouse and Keyboard Center (x64),Microsoft Corporation,
Microsoft Mouse and Keyboard Center (x86),Microsoft Corporation,
Microsoft OneDrive (x64),Microsoft Corporation,
Microsoft OneDrive (x86),Microsoft Corporation,
Microsoft OpenJDK 11 (x64),Microsoft Corporation,
Microsoft OpenJDK 17 (x64),Microsoft Corporation,
Microsoft OpenJDK Latest (x64),Microsoft Corporation,
Microsoft Power BI Desktop (x64),Microsoft Corporation,microsoft_powerbi_desktop_(x64)
Microsoft Power BI Desktop (x86),Microsoft Corporation,
Microsoft Power BI Desktop Report Server (x64),Microsoft Corporation,
Microsoft Power BI Report Builder,Microsoft Corporation,
Microsoft PowerToys,Microsoft Corporation,powertoys
Microsoft SQL Server Management Studio 16,Microsoft Corporation,
Microsoft SQL Server Management Studio 17,Microsoft Corporation,
Microsoft SQL Server Management Studio 18,Microsoft Corporation,
Microsoft SQL Server Management Studio 18 (fr-FR),Microsoft Corporation,
Microsoft SQL Server Reporting Services 2017,Microsoft Corporation,
Microsoft Teams (x64),Microsoft Corporation,
Microsoft Teams (x86),Microsoft Corporation,
Microsoft Visual C++ 2015-2019 Redistributable (x64),Microsoft Corporation,microsoft_visual_c++_2015_
Microsoft Visual C++ 2015-2019 Redistributable (x86),Microsoft Corporation,microsoft_visual_c++_2015_
Microsoft Visual C++ 2015-2022 Redistributable (x64),Microsoft Corporation,microsoft_visual_c++_2015_
Microsoft Visual C++ 2015-2022 Redistributable (x86),Microsoft Corporation,microsoft_visual_c++_2015_
Microsoft Visual Studio Code (x64),Microsoft Corporation,visual_studio_code
Microsoft Visual Studio Code (x86),Microsoft Corporation,visual_studio_code
Power Automate Desktop,Microsoft Corporation,
PowerShell Core (x64),Microsoft Corporation,powershell
PowerShell Core (x86),Microsoft Corporation,powershell
Remote Desktop Client for Windows Desktop (x64),Microsoft Corporation,
Skype 8,Microsoft Corporation,
Sysmon (x64),Microsoft Corporation,
Sysmon (x86),Microsoft Corporation,
Mimecast for Outlook (x64),Mimecast Ltd,
Mimecast for Outlook (x86),Mimecast Ltd,
Mozilla Firefox (x64 cs),Mozilla,firefox
Mozilla Firefox (x64 da),Mozilla,firefox
Mozilla Firefox (x64 de),Mozilla,firefox
Mozilla Firefox (x64 en-GB),Mozilla,firefox
Mozilla Firefox (x64 en-US),Mozilla,firefox
Mozilla Firefox (x64 es-ES),Mozilla,firefox
Mozilla Firefox (x64 es-MX),Mozilla,firefox
Mozilla Firefox (x64 fi),Mozilla,firefox
Mozilla Firefox (x64 fr),Mozilla,firefox
Mozilla Firefox (x64 hu),Mozilla,firefox
Mozilla Firefox (x64 it),Mozilla,firefox
Mozilla Firefox (x64 nb-NO),Mozilla,firefox
Mozilla Firefox (x64 nl),Mozilla,firefox
Mozilla Firefox (x64 pl),Mozilla,firefox
Mozilla Firefox (x64 ru),Mozilla,firefox
Mozilla Firefox (x64 sv-SE),Mozilla,firefox
Mozilla Firefox (x86 cs),Mozilla,firefox
Mozilla Firefox (x86 da),Mozilla,firefox
Mozilla Firefox (x86 de),Mozilla,firefox
Mozilla Firefox (x86 en-GB),Mozilla,firefox
Mozilla Firefox (x86 en-US),Mozilla,firefox
Mozilla Firefox (x86 es-ES),Mozilla,firefox
Mozilla Firefox (x86 es-MX),Mozilla,firefox
Mozilla Firefox (x86 fi),Mozilla,firefox
Mozilla Firefox (x86 fr),Mozilla,firefox
Mozilla Firefox (x86 hu),Mozilla,firefox
Mozilla Firefox (x86 it),Mozilla,firefox
Mozilla Firefox (x86 nb-NO),Mozilla,firefox
Mozilla Firefox (x86 nl),Mozilla,firefox
Mozilla Firefox (x86 pl),Mozilla,firefox
Mozilla Firefox (x86 ru),Mozilla,firefox
Mozilla Firefox (x86 sv-SE),Mozilla,firefox
Mozilla Firefox ESR (x64 cs),Mozilla,firefox
Mozilla Firefox ESR (x64 da),Mozilla,firefox
Mozilla Firefox ESR (x64 de),Mozilla,firefox
Mozilla Firefox ESR (x64 en-GB),Mozilla,firefox
Mozilla Firefox ESR (x64 en-US),Mozilla,firefox
Mozilla Firefox ESR (x64 es-ES),Mozilla,firefox
Mozilla Firefox ESR (x64 es-MX),Mozilla,firefox
Mozilla Firefox ESR (x64 fi),Mozilla,firefox
Mozilla Firefox ESR (x64 fr),Mozilla,firefox
Mozilla Firefox ESR (x64 hu),Mozilla,firefox
Mozilla Firefox ESR (x64 it),Mozilla,firefox
Mozilla Firefox ESR (x64 nb-NO),Mozilla,firefox
Mozilla Firefox ESR (x64 nl),Mozilla,firefox
Mozilla Firefox ESR (x64 pl),Mozilla,firefox
Mozilla Firefox ESR (x64 ru),Mozilla,firefox
Mozilla Firefox ESR (x64 sv-SE),Mozilla,firefox
Mozilla Firefox ESR (x86 cs),Mozilla,firefox
Mozilla Firefox ESR (x86 da),Mozilla,firefox
Mozilla Firefox ESR (x86 de),Mozilla,firefox
Mozilla Firefox ESR (x86 en-GB),Mozilla,firefox
Mozilla Firefox ESR (x86 en-US),Mozilla,firefox
Mozilla Firefox ESR (x86 es-ES),Mozilla,firefox
Mozilla Firefox ESR (x86 es-MX),Mozilla,firefox
Mozilla Firefox ESR (x86 fi),Mozilla,firefox
Mozilla Firefox ESR (x86 fr),Mozilla,firefox
Mozilla Firefox ESR (x86 hu),Mozilla,firefox
Mozilla Firefox ESR (x86 it),Mozilla,firefox
Mozilla Firefox ESR (x86 nb-NO),Mozilla,firefox
Mozilla Firefox ESR (x86 nl),Mozilla,firefox
Mozilla Firefox ESR (x86 pl),Mozilla,firefox
Mozilla Firefox ESR (x86 ru),Mozilla,firefox
Mozilla Firefox ESR (x86 sv-SE),Mozilla,firefox
Mozilla SeaMonkey,Mozilla,
Mozilla Thunderbird (x64),Mozilla,thunderbird
Mozilla Thunderbird (x86),Mozilla,thunderbird
Driver Automation Tool,MSEndpointMgr,
NSClient++ (x64),MySolutions NORDIC,nsclient++_(x64)
NSClient++ (x86),MySolutions NORDIC,
NetSetMan,NetSetMan GmbH,
mRemoteNG,Next Generation Software,mremoteng
Nextcloud (x64),Nextcloud GmbH,nextcloud
Nextcloud (x86),Nextcloud GmbH,nextcloud
Nitro Pro 11 (x64),Nitro,
Nitro Pro 11 (x86),Nitro,
Nitro Pro 12 (x64),Nitro,
Nitro Pro 12 (x86),Nitro,
Nitro Pro 13 (x64),Nitro,
Nitro Pro 13 (x86),Nitro,
Nitro Pro Enterprise 11 (x64),Nitro,
Nitro Pro Enterprise 11 (x86),Nitro,
Nitro Pro Enterprise 12 (x64),Nitro,
Nitro Pro Enterprise 12 (x86),Nitro,
Nitro Pro Enterprise 13 (x64),Nitro,
Nitro Pro Enterprise 13 (x86),Nitro,
Npcap OEM,Nmap Software LLC,npcap
Node.js (x64),Node.js Foundation,nodejs
Node.js (x86),Node.js Foundation,nodejs
Node.js 10 LTS (x64),Node.js Foundation,nodejs
Node.js 10 LTS (x86),Node.js Foundation,nodejs
Node.js 12 LTS (x64),Node.js Foundation,nodejs
Node.js 12 LTS (x86),Node.js Foundation,nodejs
Node.js 14 LTS (x64),Node.js Foundation,nodejs
Node.js 14 LTS (x86),Node.js Foundation,nodejs
Node.js 16 LTS (x64),Node.js Foundation,nodejs
Node.js 16 LTS (x86),Node.js Foundation,nodejs
Notepad++ (x64),Notepad++ Team,notepad++
Notepad++ (x86),Notepad++ Team,notepad++
NVIDIA GeForce Experience,NVIDIA Corporation,
OBS Studio (x64),OBS Project,obs_studio
Obsidian (User-x64),Obsidian,
Umbrella Roaming Client,OpenDNS,
OpenShot Video Editor (x64),"OpenShot Studios, LLC",
OpenVPN (x64),"OpenVPN, Inc.",openvpn
Opera (x64),Opera Software,opera_browser
Opera (x86),Opera Software,opera_browser
Oracle Java 7 (x64),Oracle Corporation,
Oracle Java 7 (x86),Oracle Corporation,
Oracle Java 8 (x64),Oracle Corporation,
Oracle Java 8 (x86),Oracle Corporation,
Oracle Java SE Development Kit 11 (x64),Oracle Corporation,
Oracle Java SE Development Kit 17 (MSI-x64),Oracle Corporation,
Oracle Java SE Development Kit 8 (x64),Oracle Corporation,
Oracle Java SE Development Kit 8 (x86),Oracle Corporation,
Oracle Java SE Development Kit Latest (MSI-x64),Oracle Corporation,
Oracle MySQL Workbench Community Edition,Oracle Corporation,
Oracle VM VirtualBox 6,Oracle Corporation,
ownCloud Desktop Sync Client (x64),ownCloud GmbH,
GlobalProtect 5,Palo Alto Networks,
GlobalProtect 6,Palo Alto Networks,
Parallels Client (MSI-x64),Parallels International GmbH,
PDF24 Creator,PDF24,pdf24_creator
Archi (x64),Phillip Beauvoir,
Archi (x86),Phillip Beauvoir,
Pidgin,Pidgin,
CCleaner,Piriform,ccleaner
MapInfo Pro (x64),Pitney Bowes,
MapInfo Pro (x86),Pitney Bowes,
PKZip (x64),"PKWARE, Inc.",
PKZip (x86),"PKWARE, Inc.",
Plantronics Hub (EXE),"Plantronics, Inc.",
Plantronics Hub (x64),"Plantronics, Inc.",
Plantronics Hub (x86),"Plantronics, Inc.",
Plex Media Player (x64),Plex,
Poll Everywhere,Poll Everywhere,
Poly Lens,"Poly, Inc.",
Postman (User-x64),Postman,
ProjectLibre (x64),ProjectLibre,
Pulse Connect Secure (x64),"Pulse Secure, LLC",pulse_secure
Pulse Connect Secure (x86),"Pulse Secure, LLC",pulse_secure
Python 3.10 (x64),Python Software Foundation,python
Python 3.10 (x86),Python Software Foundation,python
Python 3.7 (x64),Python Software Foundation,python
Python 3.7 (x86),Python Software Foundation,python
Python 3.8 (x64),Python Software Foundation,python
Python 3.8 (x86),Python Software Foundation,python
Python 3.9 (x64),Python Software Foundation,python
Python 3.9 (x86),Python Software Foundation,python
R For Windows,R Core Team,
RealPlayer,RealNetworks,
RealVNC,RealVNC Ltd,
VNC Viewer,RealVNC Ltd,vnc_viewer_
Right Click Tools,"Recast Software, Inc.",right_click_tools
RingCentral (MSI),RingCentral,
RingCentral Meetings,RingCentral,
RingCentral Phone,RingCentral,
RISA-3D 18 (x64),"RISA Tech, Inc.",
RISA-3D 19 (x64),"RISA Tech, Inc.",
RISAConnection 11 (x64),"RISA Tech, Inc.",
RISAConnection 12 (x64),"RISA Tech, Inc.",
Terminals,Robert Chartier,
RStudio,RStudio,
Beyond Compare - EXE Install,"Scooter Software, Inc.",beyond_compare_
Beyond Compare (x64) - MSI Install,"Scooter Software, Inc.",beyond_compare_
Beyond Compare (x86) - MSI Install,"Scooter Software, Inc.",beyond_compare_
Screaming Frog SEO Spider (x64),Screaming Frog Ltd,
ShareX,ShareX Team,
GoodSync 10,Siber Systems,
GoodSync 11,Siber Systems,
RoboForm,Siber Systems,
Signal (User-x64),"Signal Messenger, LLC",
Programmerƒ??s Notepad,Simon Steele,
PuTTY (x64),Simon Tatham,putty
PuTTY (x86),Simon Tatham,putty
Slack (x64),Slack Technologies,
Slack (x86),Slack Technologies,
ControlUp Agent for .NET Framework 3.5 (x64),Smart-X,
ControlUp Agent for .NET Framework 4.5 (x64),Smart-X,
WebDrive (x64),South River Technologies,
WebDrive (x86),South River Technologies,
Splunk Universal Forwarder 7 (x64),"Splunk, Inc.",
Splunk Universal Forwarder 7 (x86),"Splunk, Inc.",
Splunk Universal Forwarder 8 (x64),"Splunk, Inc.",
Splunk Universal Forwarder 8 (x86),"Splunk, Inc.",
AirSquirrels Reflector (x64),Squirrels LLC,
AirSquirrels Reflector (x86),Squirrels LLC,
AirSquirrels Reflector 3 (x64),Squirrels LLC,
AirSquirrels Reflector 3 (x86),Squirrels LLC,
AirSquirrels Reflector 4 (x64),Squirrels LLC,
AirSquirrels Reflector 4 (x86),Squirrels LLC,
Airsquirrels Reflector Teacher (x64),Squirrels LLC,
Airsquirrels Reflector Teacher (x86),Squirrels LLC,
SRWare Iron (x64),SRWare,
SRWare Iron (x86),SRWare,
grepWin (x64),Stefans Tools,
grepWin (x86),Stefans Tools,
TortoiseHg (x64),Steve Borho and others,
TortoiseHg (x86),Steve Borho and others,
eduVPN Client,SURF,
SURFdrive (x64),SURF,
Synergy (MSI-x64),Symless Ltd,
Tableau Desktop 20 (x64),Tableau Software,
Tableau Desktop 2021.1 (x64),Tableau Software,
Tableau Desktop 2021.2 (x64),Tableau Software,
Tableau Desktop 2021.3 (x64),Tableau Software,
Tableau Desktop 2021.4 (x64),Tableau Software,
Tableau Desktop 2022.1 (x64),Tableau Software,
Tableau Prep Builder 2021.4 (x64),Tableau Software,
Tableau Prep Builder 2022.1 (x64),Tableau Software,
Tableau Reader 2021 (x64),Tableau Software,
Tableau Reader 2022 (x64),Tableau Software,
TeamViewer 11,TeamViewer,teamviewer
TeamViewer 12,TeamViewer,teamviewer
TeamViewer 13,TeamViewer,teamviewer
TeamViewer 14,TeamViewer,teamviewer
TeamViewer 15 (x64) - EXE Install,TeamViewer,teamviewer
TeamViewer 15 (x64) - MSI Install,TeamViewer,teamviewer
TeamViewer 15 (x86) - EXE Install,TeamViewer,teamviewer
TeamViewer 15 (x86) - MSI Install,TeamViewer,teamviewer
TeamViewer Host 15 (x86) - EXE Install,TeamViewer,teamviewer
TeamViewer Host 15 (x86) - MSI Install,TeamViewer,teamviewer
Camtasia 2018,TechSmith Corporation,camtasia
Camtasia 2019 - EXE Install,TechSmith Corporation,camtasia
Camtasia 2019 - MSI Install,TechSmith Corporation,camtasia
Camtasia 2020 - EXE Install,TechSmith Corporation,camtasia
Camtasia 2020 - MSI Install,TechSmith Corporation,camtasia
Camtasia 2021 - EXE Install,TechSmith Corporation,camtasia
Camtasia 2021 - MSI Install,TechSmith Corporation,camtasia
Snagit 2018 (x64),TechSmith Corporation,snagit
Snagit 2018 (x86),TechSmith Corporation,snagit
Snagit 2019 (x64),TechSmith Corporation,snagit
Snagit 2019 (x86),TechSmith Corporation,snagit
Snagit 2020 (x64) - EXE Install,TechSmith Corporation,snagit
Snagit 2020 (x64) - MSI Install,TechSmith Corporation,snagit
Snagit 2020 (x86) - EXE Install,TechSmith Corporation,snagit
Snagit 2020 (x86) - MSI Install,TechSmith Corporation,snagit
Snagit 2021 (x64) - EXE Install,TechSmith Corporation,snagit
Snagit 2021 (x64) - MSI Install,TechSmith Corporation,snagit
Snagit 2021 (x86) - EXE Install,TechSmith Corporation,snagit
Snagit 2021 (x86) - MSI Install,TechSmith Corporation,snagit
Snagit 2022 (x64) - EXE Install,TechSmith Corporation,snagit
Snagit 2022 (x64) - MSI Install,TechSmith Corporation,snagit
Progress TestStudio 2017,Telerik Inc.,
Progress TestStudio 2018,Telerik Inc.,
Progress TestStudio 2019,Telerik Inc.,
Nessus Agent 10 (x64),"Tenable, Inc.",
Nessus Agent 10 (x86),"Tenable, Inc.",
Nessus Agent 8 (x64),"Tenable, Inc.",
Nessus Agent 8 (x86),"Tenable, Inc.",
LibreOffice (x64),The Document Foundation,libreoffice
LibreOffice (x86),The Document Foundation,libreoffice
Gimp,The GIMP Team,gimp
Git (x64),The Git Development Community,
Git (x86),The Git Development Community,
Gpg4win,The Gpg4win Project,
Wireshark (x64),The Wireshark developer community,wireshark
Wireshark (x86),The Wireshark developer community,wireshark
WinMerge (x64),Thingamahoochie Software,winmerge
WinMerge (x86),Thingamahoochie Software,winmerge
think-cell (MSI),think-cell Operations GmbH,think-cell
FileZilla Client (x64),Tim Kosse,filezilla
FileZilla Client (x86),Tim Kosse,filezilla
FileZilla Server (x64),Tim Kosse,filezilla_server
TortoiseGit (x64),TortoiseGit,tortoisegit_
TortoiseGit (x86),TortoiseGit,tortoisegit_
TortoiseSVN (x64),TortoiseSVN,
TortoiseSVN (x86),TortoiseSVN,
OCZ SSD Utility,Toshiba Corporation,
PDF-XChange Editor 8 (x64),Tracker Software Products,pdf-xchange
PDF-XChange Editor 8 (x86),Tracker Software Products,pdf-xchange
PDF-XChange Editor 9 (x64),Tracker Software Products,pdf-xchange
PDF-XChange Editor 9 (x86),Tracker Software Products,pdf-xchange
PDF-XChange PRO 8 (x64),Tracker Software Products,pdf-xchange
PDF-XChange PRO 8 (x86),Tracker Software Products,pdf-xchange
PDF-XChange PRO 9 (x64),Tracker Software Products,pdf-xchange
PDF-XChange PRO 9 (x86),Tracker Software Products,pdf-xchange
SketchUp Make 2016 (x64),"Trimble, Inc.",
SketchUp Make 2016(x86),"Trimble, Inc.",
SketchUp Make 2017 (x64),"Trimble, Inc.",
SketchUp Pro 2016 (x64),"Trimble, Inc.",
SketchUp Pro 2016 (x86),"Trimble, Inc.",
SketchUp Pro 2017 (x64),"Trimble, Inc.",
SketchUp Pro 2019 (x64),"Trimble, Inc.",
SketchUp Pro 2020 (x64),"Trimble, Inc.",
SketchUp Pro 2021 (x64),"Trimble, Inc.",
SketchUp Pro 2022 (x64),"Trimble, Inc.",
UltraVNC (x64),uvnc bvba,ultravnc
UltraVNC (x86),uvnc bvba,ultravnc
VLC Media Player (x64) - EXE Install,VideoLAN,vlc_media_player
VLC Media Player (x64) - MSI Install,VideoLAN,vlc_media_player
VLC Media Player (x86) - EXE Install,VideoLAN,vlc_media_player
VLC Media Player (x86) - MSI Install,VideoLAN,vlc_media_player
Vivaldi (x64),Vivaldi,
Vivaldi (x86),Vivaldi,
Vivi (x64) - MSI Install,Vivi Corporation,
VMware Horizon Client 5,"VMware, Inc.",
VMware Horizon Client 8,"VMware, Inc.",
VMware Remote Console,"VMware, Inc.",
VMware Tools,"VMware, Inc.",
VMware Workstation 10,"VMware, Inc.",
VMware Workstation 11,"VMware, Inc.",
VMware Workstation Player 12,"VMware, Inc.",
VMware Workstation Player 14,"VMware, Inc.",
VMware Workstation Player 15,"VMware, Inc.",
VMware Workstation Player 16,"VMware, Inc.",
VMware Workstation Pro 12,"VMware, Inc.",
VMware Workstation Pro 14,"VMware, Inc.",
VMware Workstation Pro 15,"VMware, Inc.",
VMware Workstation Pro 16,"VMware, Inc.",
Everything (x64) - EXE Install,voidtools,
Everything (x64) - MSI Install,voidtools,
Everything Lite (x64) - EXE Install,voidtools,
WinRAR (x64),win.rar GmbH,winrar
WinRAR (x86),win.rar GmbH,winrar
WinZip 19 (x64),"WinZip Computing, S.L.",winzip
WinZip 19 (x86),"WinZip Computing, S.L.",winzip
WinZip 20 (x64),"WinZip Computing, S.L.",winzip
WinZip 20 (x86),"WinZip Computing, S.L.",winzip
WinZip 23 (x64),"WinZip Computing, S.L.",winzip
WinZip 23 (x86),"WinZip Computing, S.L.",winzip
WinZip 24 (x64),"WinZip Computing, S.L.",winzip
WinZip 24 (x86),"WinZip Computing, S.L.",winzip
WinZip 25 (x64),"WinZip Computing, S.L.",winzip
WinZip 25 (x86),"WinZip Computing, S.L.",winzip
WinZip 26 (x64),"WinZip Computing, S.L.",winzip
WinZip 26 (x86),"WinZip Computing, S.L.",winzip
Charles (x64),XK72 Ltd,
Charles (x86),XK72 Ltd,
XMind,XMind Ltd.,
Zoom Client for VDI,Zoom,zoom
Zoom Meetings (User-x64),Zoom,zoom
Zoom Meetings (x64),Zoom,zoom
Zoom Meetings (x86),Zoom,zoom
Zoom Outlook Plugin,Zoom,zoom
Zoom Plugin for Citrix Receiver,Zoom,zoom
Zoom Rooms,Zoom,zoom
Zoom Skype for Business Plugin,Zoom,zoom
Zscaler Client Connector,Zscaler Inc.,
